lad_code,borough,msoas,households,residents,adults_18plus_2021,hh_private_rented,hh_social_rented,dwellings_2025,brownfield_max_dwellings,pct_private_rented,pct_owner_occupied,pct_overcrowded,pct_underoccupied_2plus,pld_units_completed_2019_2026,pld_units_completed_fy2019_20_to_2024_25,pld_schemes_completed_2019_2026,pld_affordable_units_completed_2019_2026,pld_units_started_not_complete,pld_units_approved_not_started,pld_units_lapsed_since_2019,pld_units_refused_since_2019,pld_units_pending,pld_units_approved_since_2019,net_additions_2019_20,net_additions_2020_21,net_additions_2021_22,net_additions_2022_23,net_additions_2023_24,net_additions_2024_25,net_additions_2019_20_to_2024_25,pld_completions_vs_net_additions_pct,hdt_homes_required_3yr,hdt_homes_delivered_3yr,hdt_2025_measurement,hdt_2025_consequence,major_resi_decisions_last4q,major_resi_granted_last4q,major_resi_approval_rate_last4q,major_resi_pct_in_time_last4q,major_resi_decisions_since2019,major_resi_granted_since2019,major_resi_approval_rate_since2019,major_resi_pct_in_time_since2019,ctb_dwellings_oct2025,ctb_second_homes,ctb_empty_total,ctb_empty_6months_plus,pct_second_homes,pct_long_term_empty,council_seats_2026,council_seats_with_result,council_largest_party_2026,council_largest_party_seats,council_control_2026,seats_labour,seats_conservative,seats_liberal,seats_reform,seats_green,seats_other
E09000001,City of London,1,4914.0,8539.0,7926.0,2373.0,730.0,8060.0,104.0,48.29,36.51,4.74,7.94,792,780,21,27,1892,104,10,11,196,1796,299,208,432,9,-3,9,954,81.76,416.320275,15.0,0.04,Presumption,0.0,0.0,,,3.0,3.0,100.0,100.0,8070,1929,179,152,23.9,1.88,,,,,,,,,,,
E09000002,Barking and Dagenham,22,73910.0,215715.0,155370.0,17894.0,23275.0,81800.0,59639.0,24.21,42.37,17.78,14.5,7807,6595,198,2181,7936,1780,4352,438,1564,14563,675,982,1206,1241,975,1495,6574,100.32,6366.189818631492,3715.210526315789,0.58,Presumption,5.0,5.0,100.0,100.0,73.0,70.0,95.89,82.19,82109,188,914,414,0.23,0.5,51.0,51.0,Labour Party,38.0,Labour Party,38.0,0.0,0.0,9.0,4.0,0.0
E09000003,Barnet,42,148915.0,384733.0,300010.0,48706.0,20033.0,160480.0,18063.0,32.71,52.65,9.38,28.68,16333,15096,898,3237,22259,8317,3050,2820,6839,27557,1886,2146,2000,2246,2475,2152,12905,116.98,7092.0,6883.526315789473,0.97,Passed (no consequence),19.0,17.0,89.47,100.0,198.0,169.0,85.35,82.32,160919,1432,5247,3278,0.89,2.04,63.0,63.0,Conservative and Unionist Party,31.0,No overall control,31.0,31.0,0.0,0.0,1.0,0.0
E09000004,Bexley,28,95299.0,243657.0,189772.0,14579.0,13977.0,101760.0,7244.0,15.3,68.65,6.12,31.96,3791,3217,560,1440,1366,3562,433,735,872,7066,216,640,710,572,697,438,3273,98.29,2055.24008762322,1754.3684210526317,0.85,Action plan,10.0,9.0,90.0,80.0,68.0,58.0,85.29,77.94,101777,42,790,657,0.04,0.65,45.0,45.0,Conservative and Unionist Party,29.0,Conservative and Unionist Party,9.0,29.0,0.0,7.0,0.0,0.0
E09000005,Brent,35,118600.0,335853.0,266768.0,42724.0,27877.0,135080.0,26591.0,36.02,38.44,16.91,19.15,15463,13406,1276,4731,10618,7361,5277,1659,4750,24784,2691,2662,3574,2288,864,1030,13109,102.27,6975.0,3906.7324561403507,0.56,Presumption,12.0,10.0,83.33,83.33,122.0,106.0,86.89,86.89,135596,235,2491,1734,0.17,1.28,57.0,57.0,Labour Party,25.0,No overall control,25.0,11.0,11.0,0.0,9.0,1.0
E09000006,Bromley,39,135831.0,326333.0,257293.0,23662.0,17925.0,143450.0,166.0,17.42,68.49,4.5,36.6,3549,3040,754,704,1059,621,929,1886,1287,4489,649,436,120,399,168,632,2404,126.46,2083.617486338798,1282.157894736842,0.62,Presumption,9.0,9.0,100.0,100.0,81.0,51.0,62.96,72.84,143821,251,2814,1583,0.17,1.1,58.0,58.0,Conservative and Unionist Party,35.0,Conservative and Unionist Party,8.0,35.0,6.0,6.0,0.0,3.0
E09000007,Camden,27,92759.0,208095.0,173609.0,33014.0,31255.0,113890.0,13647.0,35.59,29.65,9.53,14.37,4165,3448,695,1148,2605,1960,262,206,1257,4031,1099,623,536,358,611,995,4222,81.67,3134.8931506849312,1970.5570175438597,0.63,Presumption,12.0,8.0,66.67,100.0,62.0,55.0,88.71,87.1,114039,3968,4146,2322,3.48,2.04,55.0,55.0,Labour Party,28.0,Labour Party,28.0,3.0,10.0,0.0,11.0,3.0
E09000008,Croydon,45,152931.0,385629.0,300467.0,39433.0,27373.0,168270.0,32883.0,25.78,54.71,10.37,26.4,12630,11098,1863,2199,6377,5204,518,4660,3459,14128,1410,1782,2122,2904,2087,893,11198,99.11,5841.783561643836,6131.039473684211,1.05,Passed (no consequence),14.0,7.0,50.0,50.0,191.0,121.0,63.35,68.59,168851,230,2905,1432,0.14,0.85,70.0,70.0,Conservative and Unionist Party,28.0,No overall control,7.0,28.0,2.0,2.0,8.0,23.0
E09000009,Ealing,41,133671.0,362976.0,286685.0,45493.0,23382.0,149900.0,0.0,34.03,46.24,13.19,22.39,12091,10328,1304,4081,24198,15518,3944,1483,2559,41134,2141,2014,1066,1760,1521,1541,10043,102.84,6471.0,3875.9473684210525,0.6,Presumption,9.0,9.0,100.0,100.0,185.0,166.0,89.73,91.89,150159,1592,1682,864,1.06,0.58,70.0,70.0,Labour Party,46.0,Labour Party,46.0,5.0,13.0,0.0,5.0,1.0
E09000010,Enfield,36,120924.0,326260.0,247856.0,35388.0,20575.0,128360.0,0.0,29.26,52.39,12.93,25.35,4004,2461,1036,756,5731,4086,2728,1379,1307,13407,479,850,697,856,810,1090,4782,51.46,3738.0,2861.789473684211,0.77,Buffer,8.0,6.0,75.0,75.0,86.0,65.0,75.58,70.93,128413,641,3482,1943,0.5,1.51,63.0,63.0,Conservative and Unionist Party,31.0,No overall control,27.0,31.0,0.0,0.0,5.0,0.0
E09000011,Greenwich,35,114060.0,285293.0,223223.0,29084.0,35331.0,125080.0,18751.0,25.5,41.15,10.71,19.78,10859,8268,281,3151,36254,6642,5042,2250,1996,31471,3310,1249,1257,1190,856,1573,9435,87.63,8472.0,3544.2631578947367,0.42,Presumption,11.0,11.0,100.0,100.0,99.0,88.0,88.89,98.99,125688,531,2922,1688,0.42,1.34,55.0,55.0,Labour and Co-operative Party,27.0,No overall control,8.0,6.0,0.0,1.0,13.0,27.0
E09000012,Hackney,30,106086.0,255757.0,203493.0,34147.0,42948.0,120710.0,3222.0,32.19,24.57,12.7,11.86,5922,4864,1013,1094,10121,393,656,227,1958,3842,963,1286,1531,862,397,772,5811,83.7,3990.0,2068.8684210526317,0.52,Presumption,4.0,4.0,100.0,100.0,46.0,44.0,95.65,89.13,120932,1021,2036,1231,0.84,1.02,57.0,57.0,Green Party,42.0,Green Party,8.0,6.0,0.0,0.0,42.0,1.0
E09000013,Hammersmith and Fulham,25,81241.0,181275.0,151311.0,29556.0,24235.0,95080.0,5188.0,36.38,32.11,9.1,17.6,10729,9922,628,2816,6808,8705,336,1301,3936,11028,1263,1535,2300,1398,1477,1459,9432,105.2,4798.0,4378.736842105263,0.91,Action plan,2.0,2.0,100.0,0.0,15.0,11.0,73.33,80.0,95707,2595,1221,814,2.71,0.85,50.0,50.0,Labour Party,38.0,Labour Party,38.0,12.0,0.0,0.0,0.0,0.0
E09000014,Haringey,36,105089.0,261205.0,209785.0,37369.0,26481.0,114980.0,13185.0,35.56,37.22,13.45,18.76,5353,4714,829,1141,7013,3858,3473,339,2014,12723,1029,1596,1511,898,1185,1287,7506,62.8,4747.890410958904,3384.7368421052633,0.71,Presumption,9.0,9.0,100.0,88.89,91.0,80.0,87.91,90.11,114878,1617,2559,1643,1.41,1.43,57.0,57.0,Green Party,28.0,No overall control,21.0,0.0,8.0,0.0,28.0,0.0
E09000015,Harrow,30,89633.0,258172.0,202859.0,26495.0,9294.0,96870.0,0.0,29.56,58.78,12.2,29.58,5615,5023,665,1206,3949,613,215,827,1658,5687,1291,866,432,657,751,970,4967,101.13,2409.900355871886,2561.157894736842,1.06,Passed (no consequence),3.0,1.0,33.33,66.67,63.0,38.0,60.32,76.19,97021,417,2263,1291,0.43,1.33,55.0,55.0,Conservative and Unionist Party,42.0,Conservative and Unionist Party,8.0,42.0,0.0,0.0,0.0,5.0
E09000016,Havering,30,101286.0,258956.0,203501.0,16019.0,13808.0,108680.0,0.0,15.82,69.49,6.05,33.9,3698,3496,613,1058,2668,1670,3069,1082,1908,7755,818,796,624,1070,587,507,4402,79.42,5413.803943044906,2160.315789473684,0.4,Presumption,9.0,7.0,77.78,100.0,88.0,60.0,68.18,77.27,108905,56,1476,1129,0.05,1.04,55.0,55.0,Reform UK,39.0,Reform UK,2.0,0.0,0.0,39.0,0.0,14.0
E09000017,Hillingdon,32,109243.0,302094.0,234564.0,28276.0,17616.0,118240.0,0.0,25.88,56.6,11.34,24.98,5979,5189,792,878,6646,1384,1054,1159,2291,10049,1884,956,902,723,759,651,5875,88.32,3249.0,2163.0,0.67,Presumption,0.0,0.0,,,56.0,45.0,80.36,83.93,118291,729,2130,1050,0.62,0.89,53.0,53.0,Conservative and Unionist Party,32.0,Conservative and Unionist Party,16.0,32.0,0.0,4.0,1.0,0.0
E09000018,Hounslow,29,102964.0,284647.0,221819.0,31789.0,21617.0,111270.0,10373.0,30.87,45.69,14.56,20.4,8470,7147,773,2891,5902,6024,3069,1263,1655,18364,1864,1719,1737,1238,1217,1554,9329,76.61,5346.0,4083.2105263157896,0.76,Buffer,18.0,16.0,88.89,94.44,125.0,95.0,76.0,69.6,111358,202,3469,1735,0.18,1.56,62.0,62.0,Labour Party,32.0,Labour Party,32.0,17.0,1.0,8.0,3.0,1.0
E09000019,Islington,23,96496.0,214128.0,180057.0,30081.0,38786.0,112190.0,7685.0,31.17,26.67,9.38,11.76,4486,4096,463,1605,2159,1159,79,610,1579,3419,932,826,457,441,904,250,3810,107.51,2325.0,1608.6842105263158,0.69,Presumption,2.0,2.0,100.0,100.0,32.0,30.0,93.75,90.62,112418,813,1915,973,0.72,0.87,51.0,51.0,Labour Party,32.0,Labour Party,32.0,0.0,0.0,0.0,19.0,0.0
E09000020,Kensington and Chelsea,21,66886.0,142105.0,120367.0,26461.0,18433.0,89280.0,14531.0,39.56,31.68,8.11,16.29,2438,2102,541,876,2666,258,46,123,3741,1814,584,340,187,275,245,408,2039,103.09,1146.4496304407337,896.2894736842105,0.78,Buffer,0.0,0.0,,,23.0,19.0,82.61,69.57,89613,7898,3094,2045,8.81,2.28,50.0,50.0,Conservative and Unionist Party,34.0,Conservative and Unionist Party,6.0,34.0,3.0,0.0,0.0,7.0
E09000021,Kingston upon Thames,20,65632.0,166262.0,131520.0,17913.0,7243.0,70440.0,0.0,27.29,60.85,6.0,32.52,2397,2207,329,252,4263,1672,828,1153,2735,6971,628,494,307,294,1041,453,3217,68.6,2891.9999999999995,1895.3026315789475,0.66,Presumption,8.0,7.0,87.5,87.5,65.0,46.0,70.77,78.46,70510,778,1946,1029,1.1,1.46,48.0,48.0,Liberal Democrats,44.0,Liberal Democrats,0.0,2.0,44.0,0.0,0.0,2.0
E09000022,Lambeth,35,134684.0,314509.0,262956.0,42328.0,45246.0,148600.0,2941.0,31.43,33.02,10.56,16.04,5415,4016,729,1363,7583,4658,207,1136,3750,10511,1736,1417,362,486,608,428,5037,79.73,4005.6002190580507,1547.4166666666667,0.39,Presumption,11.0,10.0,90.91,100.0,113.0,89.0,78.76,85.84,148614,1784,3305,2290,1.2,1.54,63.0,63.0,Green Party,29.0,No overall control,13.0,0.0,8.0,0.0,29.0,13.0
E09000023,Lewisham,37,122395.0,296701.0,235849.0,33286.0,35755.0,133910.0,29173.0,27.2,41.86,11.41,18.66,5842,5225,749,1082,8166,7220,1523,1090,2416,12762,1442,372,435,289,408,2399,5345,97.75,5001.0,3239.6184210526317,0.65,Presumption,8.0,7.0,87.5,87.5,125.0,102.0,81.6,81.6,134367,579,1842,1073,0.43,0.8,54.0,54.0,Green Party,40.0,Green Party,7.0,0.0,0.0,0.0,40.0,7.0
E09000024,Merton,25,81730.0,212447.0,168023.0,23750.0,11602.0,87830.0,6141.0,29.06,55.64,9.4,28.81,3327,2762,698,457,2524,4595,434,431,1954,8706,456,714,920,535,281,168,3074,89.85,1652.40065681445,1033.4736842105265,0.63,Presumption,10.0,10.0,100.0,90.0,72.0,55.0,76.39,75.0,87854,1132,2478,1552,1.29,1.77,57.0,57.0,Labour Party,32.0,Labour Party,32.0,4.0,19.0,0.0,0.0,2.0
E09000025,Newham,40,115489.0,346244.0,267323.0,44474.0,32390.0,132650.0,2507.0,38.51,30.8,21.53,12.52,29124,25763,753,6757,21704,5744,173,901,9456,29427,3653,2098,3243,1983,2999,2760,16736,153.94,9779.289617486338,5949.842105263158,0.61,Presumption,3.0,3.0,100.0,100.0,24.0,22.0,91.67,95.83,132941,205,3755,1852,0.15,1.39,66.0,66.0,Newham Independents Party,24.0,No overall control,13.0,0.0,0.0,0.0,16.0,37.0
E09000026,Redbridge,33,103718.0,306189.0,233725.0,31581.0,11702.0,108080.0,16.0,30.45,57.1,13.15,28.15,3639,2639,803,1122,4176,2786,316,532,4983,8813,794,645,287,223,337,590,2876,91.76,3954.3205479452054,1204.2105263157896,0.3,Presumption,7.0,5.0,71.43,85.71,103.0,84.0,81.55,66.02,108226,549,2712,1294,0.51,1.2,63.0,63.0,Labour Party,43.0,Labour Party,43.0,5.0,0.0,1.0,5.0,9.0
E09000027,Richmond upon Thames,23,80700.0,193256.0,151257.0,19967.0,9749.0,85810.0,2410.0,24.74,62.4,3.99,35.32,1474,1276,508,182,1327,718,135,340,1636,2485,261,180,173,142,147,86,989,129.02,630.0,396.57894736842104,0.63,Presumption,4.0,4.0,100.0,100.0,53.0,39.0,73.58,77.36,85827,490,1386,703,0.57,0.82,54.0,54.0,Liberal Democrats,54.0,Liberal Democrats,0.0,0.0,54.0,0.0,0.0,0.0
E09000028,Southwark,34,130829.0,304417.0,250091.0,37505.0,51989.0,149990.0,9362.0,28.67,28.86,12.21,13.59,9881,8368,839,3363,11967,13524,2645,1315,3426,28044,1781,1419,1450,1418,1318,1012,8398,99.64,7065.0,4898.942982456141,0.69,Presumption,12.0,10.0,83.33,83.33,140.0,128.0,91.43,69.29,150537,2771,4100,2552,1.84,1.7,63.0,63.0,Green Party,22.0,No overall control,19.0,0.0,12.0,0.0,22.0,10.0
E09000029,Sutton,24,82357.0,207340.0,160655.0,16685.0,11667.0,86280.0,6431.0,20.26,64.42,7.2,28.26,2208,1884,475,355,3387,897,467,941,6862,4191,654,394,541,477,361,329,2756,68.36,1407.0,1144.8947368421052,0.81,Buffer,10.0,9.0,90.0,40.0,83.0,64.0,77.11,75.9,86425,162,1671,962,0.19,1.11,55.0,55.0,Liberal Democrats,51.0,Liberal Democrats,0.0,0.0,51.0,2.0,0.0,2.0
E09000030,Tower Hamlets,34,120557.0,306350.0,246085.0,46007.0,43239.0,149830.0,0.0,38.16,23.13,15.86,7.5,9957,9646,641,3355,42816,14041,3316,894,6596,34817,5076,3760,4203,2584,1071,1581,18275,52.78,11697.635616438356,5500.521929824561,0.47,Presumption,16.0,12.0,75.0,81.25,127.0,113.0,88.98,81.1,150608,7567,3283,2174,5.02,1.44,45.0,45.0,Aspire,33.0,Aspire,4.0,1.0,1.0,0.0,5.0,34.0
E09000031,Waltham Forest,28,102905.0,274510.0,215775.0,28594.0,22102.0,110890.0,17687.0,27.79,48.93,13.44,21.13,5912,5652,535,1724,3376,2546,966,647,1513,9065,1135,1635,981,1221,944,1027,6943,81.41,3792.0,3202.0,0.84,Buffer,6.0,6.0,100.0,50.0,65.0,58.0,89.23,86.15,111082,242,2292,1150,0.22,1.04,60.0,60.0,Green Party,31.0,Green Party,7.0,14.0,0.0,0.0,31.0,8.0
E09000032,Wandsworth,38,137368.0,323478.0,268191.0,49825.0,26539.0,157900.0,29834.0,36.27,42.46,7.53,21.61,13361,11277,1067,3521,32039,1724,1360,458,1365,24296,1281,1381,1905,2138,2720,1516,10941,103.07,5850.0,7186.609649122807,1.23,Passed (no consequence),11.0,8.0,72.73,90.91,163.0,150.0,92.02,76.69,158487,2443,2021,936,1.54,0.59,58.0,58.0,Conservative and Unionist Party,29.0,No overall control,25.0,29.0,0.0,0.0,0.0,4.0
E09000033,Westminster,24,94823.0,202380.0,173607.0,41066.0,26812.0,132230.0,0.0,43.31,27.38,10.24,12.17,5664,3637,763,1473,4443,1865,367,1087,212,6272,1297,809,965,2088,930,623,6712,54.19,2955.0,3552.3596491228072,1.2,Passed (no consequence),1.0,1.0,100.0,100.0,44.0,40.0,90.91,88.64,132419,10889,3286,2319,8.22,1.75,54.0,54.0,Conservative and Unionist Party,32.0,Conservative and Unionist Party,22.0,32.0,0.0,0.0,0.0,0.0
