pcon_code,constituency,boroughs,msoas,households,residents,adults_18plus_2021,hh_private_rented,hh_owned_outright,hh_owned_mortgage,hh_social_rented,hh_occ_minus1,hh_occ_minus2,hh_occ_plus2,dwellings_2025,pld_units_completed_2019_2026,pld_units_approved_not_started,pld_units_started_not_complete,pld_units_lapsed_since_2019,pld_units_refused_since_2019,brownfield_max_dwellings,res_moved_within_uk,res_moved_from_abroad,res_moved_student,median_price_ye_mar2026_msoa_median,ptal_mean_access_index,constituency_type,electoral_registrations_dec2025,attainers_dec2025,pct_private_rented,pct_owner_occupied,pct_overcrowded,pct_moved_in_last_year,registered_per_100_adults,completed_per_1000_dwellings,pld_units_pipeline
E14001073,Barking,Barking and Dagenham,12,41904.0,123403.0,88415.0,10623.0,5428.0,10914.0,13929.0,6498.0,1558.0,5288.0,47870.0,5860.0,1700.0,4594.0,730.0,196.0,46115.0,9559.0,1317.0,174.0,376750.0,10.3119915698225,B,83606,179,25.35,39.0,19.22,8.95,94.56,122.4,6294.0
E14001081,Battersea,Wandsworth,13,49064.0,111052.0,92816.0,18348.0,7929.0,10583.0,11043.0,3255.0,528.0,9261.0,61190.0,8679.0,987.0,27024.0,346.0,105.0,20699.0,21012.0,2419.0,772.0,733750.0,19.905418109246153,B,68349,93,37.4,37.73,7.71,21.79,73.64,141.8,28011.0
E14001083,Beckenham and Penge,Bromley,13,50873.0,116014.0,92822.0,12054.0,14202.0,17076.0,6980.0,2378.0,289.0,15766.0,54300.0,2350.0,407.0,609.0,679.0,1215.0,0.0,10944.0,947.0,292.0,495000.0,8.96488947601,B,75843,191,23.69,61.48,5.24,10.5,81.71,43.3,1016.0
E14001085,Bermondsey and Old Southwark,Southwark,13,51578.0,114401.0,97152.0,18339.0,4565.0,7358.0,19701.0,4689.0,982.0,4394.0,62910.0,5341.0,1944.0,8831.0,302.0,121.0,6468.0,19198.0,3802.0,1704.0,460000.0,32.27452330079231,B,66875,81,35.56,23.12,10.99,21.59,68.84,84.9,10775.0
E14001086,Bethnal Green and Stepney,Tower Hamlets,15,46056.0,124011.0,99459.0,16766.0,3539.0,5960.0,18514.0,6322.0,2027.0,3401.0,57190.0,1252.0,1223.0,4259.0,631.0,561.0,0.0,19829.0,5484.0,1472.0,497500.0,29.378614376713333,B,79457,169,36.4,20.62,18.13,21.6,79.89,21.9,5482.0
E14001089,Bexleyheath and Crayford,Bexley,11,39802.0,102513.0,79538.0,5287.0,13447.0,14781.0,5722.0,1912.0,325.0,13150.0,42490.0,1200.0,230.0,71.0,142.0,186.0,2503.0,7034.0,493.0,206.0,428000.0,5.945586014773636,B,68966,208,13.28,70.92,5.62,7.54,86.71,28.2,301.0
E14001122,Brent East,Brent,14,49669.0,133490.0,104348.0,17676.0,8650.0,8030.0,14167.0,6325.0,1773.0,8754.0,53520.0,4808.0,1455.0,595.0,773.0,661.0,7750.0,14038.0,1835.0,335.0,478750.0,9.917810159407143,B,76821,143,35.59,33.58,16.3,12.14,73.62,89.8,2050.0
E14001123,Brent West,Brent,14,40721.0,130175.0,104550.0,15302.0,9959.0,8367.0,6254.0,5670.0,2520.0,8823.0,50440.0,9623.0,4347.0,9405.0,4202.0,769.0,16735.0,14454.0,2714.0,612.0,477875.0,11.490832133250715,B,79883,139,37.58,45.0,20.11,13.66,76.41,190.8,13752.0
E14001124,Brentford and Isleworth,Hounslow; Richmond upon Thames,13,47072.0,126712.0,99208.0,15230.0,9989.0,11845.0,8807.0,5199.0,1341.0,9733.0,51890.0,5043.0,3758.0,3529.0,2481.0,896.0,5909.0,12751.0,2358.0,321.0,475000.0,8.56601948819154,B,78624,223,32.35,46.38,13.89,12.18,79.25,97.2,7287.0
E14001137,Bromley and Biggin Hill,Bromley,11,36073.0,89392.0,70272.0,5615.0,12837.0,13897.0,3481.0,1202.0,156.0,14351.0,37960.0,537.0,121.0,214.0,137.0,443.0,0.0,6882.0,601.0,250.0,525000.0,4.642640204633909,B,69567,195,15.57,74.11,3.76,8.65,99.0,14.1,335.0
E14001153,Carshalton and Wallington,Sutton,13,43546.0,111099.0,85485.0,7026.0,11793.0,16155.0,8005.0,2879.0,365.0,12344.0,45480.0,949.0,247.0,966.0,79.0,321.0,1087.0,8030.0,609.0,226.0,450000.0,6.084747609634615,B,74988,850,16.13,64.18,7.45,7.98,87.72,20.9,1213.0
E14001160,Chelsea and Fulham,Hammersmith and Fulham; Kensington and Chelsea,17,54695.0,119128.0,100529.0,21104.0,10174.0,9495.0,13211.0,3267.0,651.0,10905.0,66100.0,6028.0,5152.0,3908.0,221.0,232.0,5124.0,19786.0,3771.0,1680.0,850000.0,17.291443233435295,B,74262,94,38.58,35.96,7.16,21.18,73.87,91.2,9060.0
E14001167,Chingford and Woodford Green,Redbridge; Waltham Forest,13,46612.0,119990.0,94286.0,9317.0,13945.0,15683.0,7157.0,3019.0,679.0,15170.0,48560.0,659.0,232.0,452.0,127.0,288.0,640.0,8765.0,772.0,239.0,567000.0,5.551174781168461,B,73947,174,19.99,63.56,7.93,8.15,78.43,13.6,684.0
E14001169,Chipping Barnet,Barnet,14,48681.0,124723.0,97859.0,11949.0,15383.0,15278.0,5444.0,2787.0,482.0,16671.0,51650.0,1870.0,854.0,1882.0,575.0,961.0,1819.0,9792.0,1292.0,417.0,603500.0,6.0063354400057145,B,76148,206,24.55,62.98,6.72,9.22,77.81,36.2,2736.0
E14001172,Cities of London and Westminster,City of London; Westminster,16,60358.0,122143.0,106769.0,28105.0,11095.0,6638.0,13982.0,3734.0,803.0,8173.0,92890.0,4147.0,970.0,4842.0,142.0,145.0,104.0,19921.0,7562.0,1625.0,891000.0,40.9711093359625,B,69187,75,46.56,29.38,7.52,23.83,64.8,44.6,5812.0
E14001175,Clapham and Brixton Hill,Lambeth,13,48823.0,114181.0,97083.0,15740.0,5224.0,9779.0,17177.0,3937.0,1045.0,7271.0,52750.0,1192.0,701.0,2358.0,101.0,223.0,992.0,20911.0,1820.0,900.0,560000.0,18.86313700648846,B,66217,59,32.24,30.73,10.2,20.7,68.21,22.6,3059.0
E14001186,Croydon East,Croydon,13,41405.0,106198.0,82357.0,7548.0,11603.0,12914.0,8889.0,3130.0,624.0,12239.0,43920.0,1274.0,227.0,377.0,86.0,526.0,2882.0,7406.0,687.0,238.0,435000.0,6.970952992799231,B,75387,128,18.23,59.21,9.07,7.84,91.54,29.0,604.0
E14001187,Croydon South,Croydon,13,40628.0,101490.0,80158.0,8205.0,12688.0,15080.0,4076.0,2017.0,281.0,15702.0,45100.0,3502.0,405.0,864.0,123.0,1711.0,4513.0,8800.0,725.0,293.0,486250.0,5.604587018168463,B,73723,156,20.2,68.35,5.66,9.67,91.97,77.6,1269.0
E14001188,Croydon West,Croydon,13,50364.0,125565.0,96579.0,18240.0,7702.0,12239.0,11040.0,6407.0,1193.0,7098.0,57050.0,6218.0,2995.0,3925.0,238.0,1323.0,24699.0,12322.0,1573.0,309.0,360000.0,14.582922763258463,B,76140,135,36.22,39.59,15.09,11.31,78.84,109.0,6920.0
E14001189,Dagenham and Rainham,Barking and Dagenham; Havering,13,40746.0,113643.0,84352.0,7947.0,9537.0,12741.0,9957.0,4176.0,910.0,9294.0,44380.0,1845.0,144.0,2251.0,3770.0,331.0,12555.0,8251.0,902.0,159.0,408000.0,5.131854112313691,B,76897,158,19.5,54.68,12.48,8.19,91.16,41.6,2395.0
E14001205,Dulwich and West Norwood,Lambeth; Southwark,12,43215.0,103660.0,82652.0,10666.0,6533.0,10504.0,14728.0,3674.0,834.0,9483.0,46140.0,935.0,985.0,1113.0,61.0,321.0,388.0,11828.0,1279.0,495.0,553000.0,12.817383125534166,B,70142,109,24.68,39.42,10.43,13.12,84.86,20.3,2098.0
E14001207,Ealing Central and Acton,Ealing; Hammersmith and Fulham,15,53935.0,130086.0,106715.0,21163.0,10007.0,10706.0,10717.0,4345.0,842.0,11727.0,65890.0,11039.0,4454.0,7471.0,2475.0,361.0,2846.0,19078.0,3697.0,930.0,610000.0,14.026482630653334,B,76672,195,39.24,38.4,9.62,18.22,71.85,167.5,11925.0
E14001208,Ealing North,Ealing,15,47264.0,131911.0,102021.0,13295.0,11302.0,12442.0,9299.0,5443.0,1316.0,10416.0,50860.0,1552.0,714.0,2923.0,366.0,167.0,0.0,9991.0,1405.0,303.0,477500.0,6.679779645853333,B,73967,273,28.13,50.24,14.3,8.87,72.5,30.5,3637.0
E14001209,Ealing Southall,Ealing,13,38970.0,117704.0,91740.0,12764.0,9817.0,9225.0,6303.0,4716.0,1797.0,8795.0,42930.0,3351.0,823.0,10880.0,957.0,352.0,0.0,10027.0,1572.0,269.0,525000.0,8.634119053392308,B,76844,286,32.75,48.86,16.71,10.08,83.76,78.1,11703.0
E14001213,East Ham,Newham,14,35620.0,123620.0,91033.0,13774.0,6318.0,7373.0,7703.0,6619.0,2702.0,5214.0,37670.0,2450.0,190.0,173.0,20.0,181.0,308.0,9335.0,2348.0,155.0,444875.0,12.146361536304285,B,76874,109,38.67,38.44,26.17,9.58,84.45,65.0,363.0
E14001221,Edmonton and Winchmore Hill,Enfield,14,46686.0,128399.0,96859.0,14214.0,11718.0,11080.0,9148.0,5545.0,1473.0,11035.0,49120.0,796.0,1895.0,725.0,134.0,356.0,0.0,9248.0,1179.0,252.0,410125.0,7.231486188171429,B,73295,101,30.45,48.83,15.03,8.32,75.67,16.2,2620.0
E14001223,Eltham and Chislehurst,Bromley; Greenwich,14,43709.0,109934.0,85606.0,7184.0,11388.0,13921.0,10576.0,2442.0,463.0,13996.0,47320.0,2487.0,1559.0,2406.0,1392.0,370.0,3177.0,8571.0,909.0,334.0,481000.0,6.585516964601429,B,72371,158,16.44,57.9,6.65,8.93,84.54,52.6,3965.0
E14001225,Enfield North,Enfield,13,43835.0,118067.0,87449.0,11966.0,10603.0,11981.0,8579.0,4561.0,998.0,9960.0,46940.0,1542.0,1423.0,2129.0,2063.0,485.0,0.0,8830.0,783.0,219.0,440000.0,5.6846930791592305,B,76584,145,27.3,51.52,12.68,8.33,87.58,32.9,3552.0
E14001229,Erith and Thamesmead,Bexley; Greenwich,15,48290.0,129681.0,97592.0,12383.0,8017.0,11759.0,15250.0,5618.0,1385.0,8590.0,51090.0,2024.0,1441.0,3361.0,358.0,234.0,4895.0,10528.0,1410.0,265.0,375000.0,8.016639355793334,B,76098,133,25.64,40.95,14.5,9.41,77.98,39.6,4802.0
E14001236,Feltham and Heston,Hounslow,13,43753.0,131350.0,100872.0,12035.0,8938.0,10706.0,10879.0,5789.0,2018.0,7858.0,46240.0,2592.0,511.0,2357.0,246.0,162.0,4268.0,10687.0,2225.0,224.0,433750.0,6.318415294936923,B,76006,217,27.51,44.9,17.84,10.0,75.35,56.1,2868.0
E14001238,Finchley and Golders Green,Barnet,13,45297.0,114567.0,89162.0,17498.0,12197.0,10418.0,4893.0,3087.0,623.0,13948.0,47460.0,1355.0,2001.0,1733.0,800.0,850.0,1195.0,11933.0,1941.0,405.0,730000.0,10.502765078956154,B,74181,172,38.63,49.93,8.19,12.46,83.2,28.6,3734.0
E14001257,Greenwich and Woolwich,Greenwich,14,49552.0,115781.0,92983.0,15149.0,5604.0,11222.0,15945.0,3973.0,838.0,7449.0,56500.0,7697.0,3350.0,30040.0,3438.0,1769.0,15218.0,15772.0,2275.0,548.0,482500.0,14.875805613222143,B,69695,110,30.57,33.96,9.71,16.06,74.95,136.2,33390.0
E14001259,Hackney North and Stoke Newington,Hackney,13,40937.0,105224.0,80680.0,13266.0,4980.0,7093.0,14853.0,4445.0,1090.0,6241.0,44640.0,1298.0,142.0,1022.0,59.0,136.0,20.0,12038.0,1060.0,330.0,592500.0,12.513941849585384,B,72841,138,32.41,29.49,13.52,12.76,90.28,29.1,1164.0
E14001260,Hackney South and Shoreditch,Hackney,14,54367.0,124167.0,102442.0,16791.0,4305.0,7278.0,24162.0,5423.0,1049.0,5215.0,63460.0,4205.0,229.0,4033.0,355.0,71.0,506.0,18627.0,2658.0,716.0,607500.0,20.260114431157145,B,73998,78,30.88,21.31,11.9,17.72,72.23,66.3,4262.0
E14001264,Hammersmith and Chiswick,Hammersmith and Fulham; Hounslow,15,51022.0,112737.0,93177.0,18261.0,8996.0,9234.0,13780.0,3790.0,689.0,9844.0,56520.0,1673.0,3822.0,2597.0,409.0,1033.0,908.0,15963.0,2641.0,1028.0,685000.0,19.163513806707332,B,72816,149,35.79,35.73,8.78,17.41,78.15,29.6,6419.0
E14001265,Hampstead and Highgate,Camden; Haringey,15,50612.0,109746.0,90443.0,20195.0,10269.0,8898.0,10773.0,2876.0,624.0,9672.0,57640.0,1296.0,763.0,691.0,85.0,86.0,3022.0,15932.0,2971.0,699.0,885000.0,17.597697641639336,B,78617,178,39.9,37.87,6.92,17.86,86.92,22.5,1454.0
E14001270,Harrow East,Brent; Harrow,12,38264.0,116293.0,92812.0,10821.0,13001.0,10454.0,3496.0,3650.0,1331.0,12132.0,40540.0,1129.0,344.0,430.0,306.0,254.0,337.0,8967.0,1535.0,266.0,542500.0,6.552197785536666,B,74477,137,28.28,61.3,13.02,9.26,80.25,27.8,774.0
E14001271,Harrow West,Harrow,14,42797.0,121492.0,94620.0,14956.0,10416.0,11758.0,4992.0,4761.0,1226.0,9814.0,47360.0,4496.0,507.0,3501.0,123.0,396.0,0.0,12175.0,1931.0,450.0,511500.0,10.431672093667142,B,74857,155,34.95,51.81,13.99,11.98,79.11,94.9,4008.0
E14001276,Hayes and Harlington,Hillingdon,12,40861.0,123184.0,92917.0,12869.0,8213.0,10898.0,8129.0,5601.0,1603.0,7082.0,44560.0,2348.0,444.0,4382.0,399.0,467.0,0.0,10243.0,1785.0,237.0,434310.0,5.347456368146666,B,72331,142,31.49,46.77,17.63,9.96,77.84,52.7,4826.0
E14001279,Hendon,Barnet,13,46730.0,124405.0,96657.0,16767.0,9490.0,11283.0,8402.0,5070.0,1109.0,10157.0,52900.0,9953.0,1435.0,7375.0,861.0,679.0,14995.0,12914.0,2446.0,545.0,455000.0,9.31499980945923,B,73213,141,35.88,44.45,13.22,12.78,75.75,188.1,8810.0
E14001290,Holborn and St Pancras,Camden,14,47740.0,110550.0,93310.0,14895.0,6001.0,5173.0,21122.0,4482.0,1099.0,5230.0,62520.0,2981.0,1176.0,2153.0,219.0,125.0,10850.0,15916.0,5362.0,2926.0,622500.0,36.88770086032143,B,69709,113,31.2,23.41,11.69,21.89,74.71,47.7,3329.0
E14001292,Hornchurch and Upminster,Havering,13,41339.0,104616.0,82507.0,5398.0,14950.0,14303.0,6422.0,1908.0,296.0,14497.0,43850.0,1622.0,268.0,426.0,130.0,289.0,0.0,7580.0,430.0,187.0,460000.0,4.5339792279409235,B,74368,221,13.06,70.76,5.33,7.84,90.14,37.0,694.0
E14001293,Hornsey and Friern Barnet,Barnet; Haringey,14,43988.0,103196.0,83394.0,14783.0,9827.0,11793.0,6965.0,2802.0,519.0,10805.0,46790.0,1134.0,610.0,293.0,259.0,121.0,1049.0,12580.0,1298.0,371.0,650000.0,10.737424509397856,B,67966,132,33.61,49.15,7.55,13.81,81.5,24.2,903.0
E14001300,Ilford North,Redbridge,13,38961.0,117526.0,90497.0,10818.0,10901.0,12352.0,4395.0,4083.0,1021.0,11161.0,40600.0,1366.0,536.0,335.0,69.0,305.0,16.0,9220.0,1449.0,245.0,527000.0,7.6556084085269225,B,76887,254,27.77,59.68,13.1,9.29,84.96,33.6,871.0
E14001301,Ilford South,Barking and Dagenham; Redbridge,14,42452.0,136044.0,100195.0,15404.0,9333.0,11268.0,5877.0,6137.0,1627.0,8913.0,44370.0,1938.0,2067.0,3827.0,231.0,205.0,969.0,11171.0,2088.0,237.0,440000.0,8.453183061976429,B,79787,252,36.29,48.53,18.29,9.92,79.63,43.7,5894.0
E14001305,Islington North,Islington,12,46388.0,105317.0,87461.0,14331.0,5723.0,7805.0,17828.0,3921.0,765.0,6319.0,51090.0,1149.0,162.0,1360.0,38.0,258.0,3682.0,16138.0,2064.0,818.0,622875.0,22.386090504774998,B,68207,133,30.89,29.16,10.1,18.06,77.99,22.5,1522.0
E14001306,Islington South and Finsbury,Islington,11,50108.0,108811.0,92596.0,15750.0,5427.0,6783.0,20958.0,3774.0,589.0,5026.0,61100.0,3337.0,992.0,581.0,41.0,352.0,4003.0,17996.0,3796.0,1416.0,740000.0,28.696429449854545,B,70041,108,31.43,24.37,8.71,21.33,75.64,54.6,1573.0
E14001310,Kensington and Bayswater,Kensington and Chelsea; Westminster,19,63998.0,134965.0,115038.0,26918.0,11915.0,7305.0,17075.0,4078.0,1369.0,9468.0,85040.0,2160.0,1010.0,1106.0,125.0,993.0,11057.0,18992.0,5786.0,1620.0,1035000.0,24.692267465075265,B,74410,88,42.06,30.03,8.51,19.56,64.68,25.4,2116.0
E14001312,Kingston and Surbiton,Kingston upon Thames,14,46254.0,115480.0,92178.0,13153.0,12201.0,15056.0,5481.0,2509.0,376.0,13652.0,49910.0,1745.0,1479.0,3979.0,763.0,952.0,0.0,12486.0,1777.0,1203.0,520000.0,7.282370524847143,B,75939,651,28.44,58.93,6.24,13.39,82.38,35.0,5458.0
E14001331,Lewisham East,Lewisham,14,43178.0,108585.0,84249.0,10546.0,7968.0,12548.0,11581.0,3965.0,1041.0,9232.0,45900.0,670.0,831.0,632.0,220.0,382.0,5434.0,8900.0,943.0,290.0,444250.0,9.591594460874287,B,71626,120,24.42,47.51,11.59,9.33,85.02,14.6,1463.0
E14001332,Lewisham North,Lewisham,14,49809.0,117652.0,96246.0,15766.0,5506.0,10680.0,16587.0,4988.0,1251.0,6688.0,56490.0,3982.0,5299.0,7129.0,1047.0,421.0,15325.0,15320.0,2006.0,809.0,460000.0,17.740564289835714,B,71388,93,31.65,32.5,12.53,15.41,74.17,70.5,12428.0
E14001333,Lewisham West and East Dulwich,Lewisham; Southwark,13,43800.0,104777.0,82693.0,10853.0,8002.0,13846.0,10668.0,3063.0,623.0,10750.0,46870.0,1143.0,233.0,438.0,285.0,324.0,8435.0,10936.0,816.0,345.0,525000.0,9.813394737421538,B,67785,122,24.78,49.88,8.42,11.55,81.97,24.4,671.0
E14001334,Leyton and Wanstead,Redbridge; Waltham Forest,11,38216.0,100503.0,80519.0,12128.0,8410.0,10086.0,7166.0,3665.0,1112.0,9023.0,40600.0,1380.0,1836.0,848.0,119.0,194.0,6821.0,10563.0,1151.0,195.0,601250.0,10.66583354475909,B,71906,128,31.74,48.4,12.5,11.85,89.3,34.0,2684.0
E14001371,Mitcham and Morden,Merton,14,45759.0,124329.0,97770.0,12534.0,10508.0,13401.0,8664.0,4718.0,1210.0,10724.0,48100.0,1125.0,3299.0,1674.0,239.0,244.0,3975.0,10534.0,1334.0,301.0,450000.0,8.981500832740714,B,75725,309,27.39,52.25,12.95,9.79,77.45,23.4,4973.0
E14001414,Old Bexley and Sidcup,Bexley,12,39186.0,98603.0,78580.0,5426.0,14731.0,15039.0,3563.0,1368.0,211.0,14385.0,41190.0,812.0,241.0,98.0,129.0,320.0,202.0,7260.0,449.0,336.0,462500.0,5.066166189747499,B,71702,166,13.85,75.97,4.03,8.16,91.25,19.7,339.0
E14001417,Orpington,Bromley,12,37705.0,93365.0,72895.0,4227.0,14255.0,13202.0,5716.0,1411.0,191.0,15041.0,39440.0,545.0,82.0,160.0,93.0,155.0,166.0,6492.0,535.0,202.0,533375.0,5.007064545809083,B,70526,242,11.21,72.82,4.25,7.74,96.75,13.8,242.0
E14001421,Peckham,Southwark,10,38331.0,92674.0,75135.0,9264.0,3174.0,6447.0,18266.0,4641.0,1358.0,4738.0,43310.0,2317.0,288.0,2559.0,409.0,954.0,2697.0,11234.0,1589.0,609.0,503750.0,18.15722971376,B,69689,84,24.17,25.1,15.65,14.49,92.75,53.5,2847.0
E14001430,Poplar and Limehouse,Tower Hamlets,15,56585.0,138206.0,110956.0,23752.0,4452.0,9081.0,17858.0,6542.0,1655.0,4019.0,72310.0,7355.0,12711.0,34219.0,2609.0,141.0,0.0,23703.0,4261.0,1330.0,472300.0,18.634595783383336,B,84329,157,41.98,23.92,14.49,21.2,76.0,101.7,46930.0
E14001434,Putney,Wandsworth,12,45337.0,107691.0,87993.0,15779.0,8664.0,11228.0,8663.0,2947.0,503.0,10037.0,50450.0,2898.0,365.0,2228.0,859.0,144.0,6228.0,16481.0,2243.0,843.0,539375.0,9.779371798273333,B,70001,128,34.8,43.88,7.61,18.17,79.55,57.4,2593.0
E14001435,Queen's Park and Maida Vale,Brent; Westminster,11,47852.0,113293.0,92004.0,15996.0,6111.0,6886.0,18199.0,5446.0,1548.0,5654.0,54570.0,2291.0,489.0,1992.0,177.0,245.0,1769.0,13583.0,2231.0,531.0,600000.0,19.156011065427272,B,72911,106,33.43,27.16,14.62,14.43,79.25,42.0,2481.0
E14001445,Richmond Park,Kingston upon Thames; Richmond upon Thames,13,46195.0,111663.0,86640.0,12692.0,13561.0,13824.0,5766.0,1731.0,235.0,16701.0,49580.0,1069.0,712.0,742.0,122.0,251.0,1977.0,11532.0,2592.0,553.0,865000.0,7.15348378398,B,73701,326,27.47,59.28,4.26,13.14,85.07,21.6,1454.0
E14001448,Romford,Havering,12,44407.0,113502.0,89338.0,8331.0,14684.0,15719.0,5054.0,2478.0,397.0,14688.0,47260.0,1381.0,1314.0,1247.0,2709.0,617.0,0.0,9479.0,824.0,160.0,448000.0,6.5187143112025,B,71816,198,18.76,68.46,6.47,9.22,80.39,29.2,2561.0
E14001454,"Ruislip, Northwood and Pinner",Harrow; Hillingdon,14,42121.0,108427.0,86109.0,7947.0,15194.0,13768.0,4917.0,2074.0,466.0,15701.0,44390.0,786.0,286.0,210.0,209.0,268.0,0.0,8107.0,1186.0,322.0,650000.0,4.4806615782211425,B,69426,156,18.87,68.76,6.03,8.87,80.63,17.7,496.0
E14001503,Southgate and Wood Green,Enfield; Haringey,17,53022.0,137108.0,109956.0,16907.0,12842.0,12476.0,9982.0,5408.0,1390.0,13140.0,56750.0,2260.0,1906.0,2616.0,599.0,558.0,4482.0,13204.0,1869.0,361.0,577500.0,12.899583403525883,B,76348,129,31.89,47.75,12.82,11.26,69.44,39.8,4522.0
E14001525,Stratford and Bow,Newham; Tower Hamlets,14,47441.0,127742.0,102919.0,18016.0,5023.0,8164.0,14442.0,6192.0,1975.0,5205.0,56110.0,12364.0,2226.0,9223.0,194.0,689.0,339.0,18532.0,3368.0,807.0,473750.0,18.430793398300715,B,78498,122,37.98,27.8,17.22,17.78,76.27,220.4,11449.0
E14001527,Streatham and Croydon North,Croydon; Lambeth,12,43207.0,107868.0,86838.0,13648.0,8685.0,12987.0,7285.0,3769.0,844.0,10279.0,45920.0,1051.0,508.0,276.0,89.0,582.0,1130.0,12246.0,1201.0,359.0,462500.0,11.152680854793333,B,73154,113,31.59,50.16,10.68,12.8,84.24,22.9,784.0
E14001534,Sutton and Cheam,Sutton,11,38811.0,96241.0,75170.0,9659.0,11611.0,13492.0,3662.0,2407.0,278.0,10930.0,40800.0,1256.0,648.0,2414.0,388.0,608.0,5344.0,8436.0,1062.0,189.0,535000.0,7.53127464954,B,72768,782,24.89,64.68,6.92,10.07,96.8,30.8,3062.0
E14001550,Tooting,Wandsworth,13,42967.0,104735.0,87382.0,15698.0,7812.0,12105.0,6833.0,2539.0,567.0,10393.0,46260.0,1558.0,372.0,2786.0,155.0,209.0,2907.0,18353.0,1578.0,704.0,625000.0,12.455227688929229,B,71576,121,36.54,46.35,7.23,19.7,81.91,33.7,3158.0
E14001553,Tottenham,Hackney; Haringey,17,51878.0,135898.0,106542.0,19393.0,6387.0,7688.0,16969.0,7145.0,1960.0,6914.0,58550.0,3931.0,2030.0,9946.0,3383.0,151.0,10179.0,15987.0,2235.0,487.0,532500.0,15.61000216136235,B,74327,84,37.38,27.13,17.55,13.77,69.76,67.1,11976.0
E14001556,Twickenham,Richmond upon Thames,13,44929.0,108590.0,84996.0,10411.0,13932.0,15252.0,4933.0,1631.0,229.0,15610.0,47470.0,986.0,131.0,845.0,76.0,191.0,413.0,10852.0,1501.0,563.0,681250.0,6.530085839152307,B,73470,200,23.17,64.96,4.14,11.89,86.44,20.8,976.0
E14001558,Uxbridge and South Ruislip,Hillingdon,12,41757.0,112985.0,88866.0,10410.0,11350.0,13282.0,6124.0,3148.0,590.0,10932.0,45540.0,3050.0,670.0,2088.0,485.0,474.0,0.0,11823.0,1893.0,1359.0,464250.0,4.922791908905833,B,72948,147,24.93,58.99,8.95,13.34,82.09,67.0,2758.0
E14001559,Vauxhall and Camberwell Green,Lambeth; Southwark,11,46501.0,104205.0,88221.0,13737.0,4248.0,6831.0,20365.0,4506.0,1157.0,4723.0,54410.0,3603.0,2484.0,4118.0,65.0,337.0,1396.0,15359.0,3061.0,1144.0,480000.0,30.10572792339091,B,65585,53,29.54,23.83,12.18,18.77,74.34,66.2,6602.0
E14001563,Walthamstow,Waltham Forest,12,47182.0,126143.0,98262.0,14122.0,7634.0,13390.0,10930.0,5631.0,1540.0,7960.0,51960.0,4179.0,565.0,1472.0,736.0,226.0,10226.0,13260.0,1293.0,255.0,549375.0,10.048471721939999,B,75648,113,29.93,44.56,15.2,11.74,76.99,80.4,2037.0
E14001576,West Ham and Beckton,Newham,16,50344.0,139015.0,109041.0,18173.0,4792.0,8759.0,17112.0,7521.0,2430.0,5669.0,59200.0,15590.0,3435.0,15928.0,35.0,221.0,1860.0,15615.0,2694.0,431.0,407750.0,14.054127475154376,B,78443,104,36.1,26.92,19.77,13.48,71.94,263.3,19363.0
E14001586,Wimbledon,Kingston upon Thames; Merton,13,41791.0,103869.0,82827.0,12221.0,12448.0,13429.0,3415.0,1726.0,318.0,15445.0,45750.0,2209.0,1059.0,837.0,196.0,235.0,2166.0,11935.0,1789.0,440.0,700000.0,10.30808351803077,B,74948,407,29.24,61.92,4.89,13.64,90.49,48.3,1896.0
